feature_key,feature_id,layer,model_id,source_keyword,explanation,x,y,z,nearest_neighbors
25-llamascope-res-32k:16851,16851,25-llamascope-res-32k,llama3.1-8b,feeling,"mentions of the word ""feeling"" in various contexts",0.6438062787055969,0.7403781414031982,0.19327116012573242,21-llamascope-res-32k:13867 | 30-llamascope-res-32k:27974 | 25-llamascope-res-32k:25894 | 17-llamascope-res-32k:25824 | 26-llamascope-res-32k:12677
30-llamascope-res-32k:27974,27974,30-llamascope-res-32k,llama3.1-8b,feeling,"the emotional expressions articulated through the word ""feeling""",0.6753356456756592,0.7243903875350952,0.13849307596683502,31-llamascope-res-32k:2954 | 28-llamascope-res-32k:25898 | 28-llamascope-res-32k:28642 | 20-llamascope-res-32k:28937 | 28-llamascope-res-32k:32431
26-llamascope-res-32k:12677,12677,26-llamascope-res-32k,llama3.1-8b,feeling,"instances of the phrase ""feel like"" indicating emotional states or perceptions",0.6259476542472839,0.7558484673500061,0.19204865396022797,22-llamascope-res-32k:5614 | 25-llamascope-res-32k:16851 | 10-llamascope-res-32k:19244 | 18-llamascope-res-32k:22875 | 5-llamascope-res-32k:22687
30-llamascope-res-32k:11280,11280,30-llamascope-res-32k,llama3.1-8b,feeling,emotions and feelings associated with experiences,0.7218674421310425,0.6698336601257324,0.17386871576309204,25-llamascope-res-32k:14428 | 25-llamascope-res-32k:25894 | 24-llamascope-res-32k:16941 | 21-llamascope-res-32k:14049 | 21-llamascope-res-32k:13782
25-llamascope-res-32k:25894,25894,25-llamascope-res-32k,llama3.1-8b,feeling, emotional sensations and experiences related to feelings,0.7311877012252808,0.6641073226928711,0.15596812963485718,25-llamascope-res-32k:14428 | 30-llamascope-res-32k:11280 | 28-llamascope-res-32k:25898 | 21-llamascope-res-32k:14049 | 24-llamascope-res-32k:16941
5-llamascope-res-32k:22687,22687,5-llamascope-res-32k,llama3.1-8b,feeling," variations of the verb ""feel"" indicating emotional states",0.6377273201942444,0.7498780488967896,0.17603053152561188,26-llamascope-res-32k:12677 | 25-llamascope-res-32k:16851 | 22-llamascope-res-32k:5614 | 21-llamascope-res-32k:13867 | 30-llamascope-res-32k:27974
13-llamascope-res-32k:27562,27562,13-llamascope-res-32k,llama3.1-8b,feeling, sentiments toward events or experiences,0.7768526673316956,0.6131500005722046,0.1433423012495041,21-llamascope-res-32k:13782 | 13-llamascope-res-32k:26998 | 23-llamascope-res-32k:26436 | 2-llamascope-res-32k:15629 | 14-llamascope-res-32k:27960
2-llamascope-res-32k:11412,11412,2-llamascope-res-32k,llama3.1-8b,feeling,expressions related to feeling good,0.7476818561553955,0.5945290327072144,0.2958158850669861,1-llamascope-res-32k:31512 | 2-llamascope-res-32k:15629 | 28-llamascope-res-32k:32431 | 28-llamascope-res-32k:25898 | 19-llamascope-res-32k:29168
17-llamascope-res-32k:25824,25824,17-llamascope-res-32k,llama3.1-8b,feeling," expressions relating to sensation, perception, or feelings",0.6642146706581116,0.7373810410499573,0.12283338606357574,13-llamascope-res-32k:26998 | 23-llamascope-res-32k:17869 | 17-llamascope-res-32k:10844 | 25-llamascope-res-32k:14428 | 28-llamascope-res-32k:25898
28-llamascope-res-32k:28642,28642,28-llamascope-res-32k,llama3.1-8b,feeling, feelings and emotional expressions,0.7319269180297852,0.6812021136283875,0.01570180058479309,28-llamascope-res-32k:25898 | 28-llamascope-res-32k:32431 | 20-llamascope-res-32k:28937 | 22-llamascope-res-32k:32342 | 9-llamascope-res-32k:28668
14-llamascope-res-32k:4256,4256,14-llamascope-res-32k,llama3.1-8b,feeling, sentiments related to relief and psychological experiences,0.7872447967529297,0.5887719392776489,0.18328459560871124,25-llamascope-res-32k:14428 | 24-llamascope-res-32k:16941 | 21-llamascope-res-32k:13782 | 4-llamascope-res-32k:26215 | 23-llamascope-res-32k:26436
24-llamascope-res-32k:16941,16941,24-llamascope-res-32k,llama3.1-8b,feeling, emotions associated with experiences and reflections,0.7423869967460632,0.6502851247787476,0.16121633350849152,25-llamascope-res-32k:14428 | 30-llamascope-res-32k:11280 | 25-llamascope-res-32k:25894 | 21-llamascope-res-32k:14049 | 23-llamascope-res-32k:26436
2-llamascope-res-32k:10257,10257,2-llamascope-res-32k,llama3.1-8b,feeling,emotional states of feeling fortunate or happy,0.7917455434799194,0.5486810207366943,0.268492192029953,9-llamascope-res-32k:308 | 29-llamascope-res-32k:14094 | 2-llamascope-res-32k:15629 | 2-llamascope-res-32k:3693 | 0-llamascope-res-32k:23613
20-llamascope-res-32k:1510,1510,20-llamascope-res-32k,llama3.1-8b,feeling, phrases conveying a feeling of 'sense' or 'awareness',0.6086668372154236,0.7625057101249695,0.21933965384960175,22-llamascope-res-32k:5614 | 20-llamascope-res-32k:23205 | 18-llamascope-res-32k:22875 | 17-llamascope-res-32k:15596 | 6-llamascope-res-32k:16443
29-llamascope-res-32k:9177,9177,29-llamascope-res-32k,llama3.1-8b,feeling,emotions and sensations associated with physical states or experiences,0.6793360710144043,0.7162969708442688,0.15944014489650726,9-llamascope-res-32k:310 | 29-llamascope-res-32k:14094 | 30-llamascope-res-32k:27930 | 19-llamascope-res-32k:29168 | 25-llamascope-res-32k:25894
3-llamascope-res-32k:23361,23361,3-llamascope-res-32k,llama3.1-8b,feeling,phrases expressing emotions or feelings,0.6080213785171509,0.7698118090629578,0.1941642016172409,31-llamascope-res-32k:2954 | 22-llamascope-res-32k:5614 | 23-llamascope-res-32k:17869 | 3-llamascope-res-32k:1559 | 3-llamascope-res-32k:16151
29-llamascope-res-32k:14094,14094,29-llamascope-res-32k,llama3.1-8b,feeling,emotional states and feelings experienced by individuals,0.6984732747077942,0.7043184041976929,0.12677055597305298,21-llamascope-res-32k:14049 | 17-llamascope-res-32k:14269 | 28-llamascope-res-32k:28642 | 29-llamascope-res-32k:9177 | 25-llamascope-res-32k:14428
17-llamascope-res-32k:14269,14269,17-llamascope-res-32k,llama3.1-8b,feeling, emotional states and sensations,0.7200262546539307,0.6889640688896179,0.08301043510437012,21-llamascope-res-32k:14049 | 12-llamascope-res-32k:17366 | 17-llamascope-res-32k:10844 | 29-llamascope-res-32k:14094 | 17-llamascope-res-32k:7433
4-llamascope-res-32k:26215,26215,4-llamascope-res-32k,llama3.1-8b,feeling, feelings of happiness and relaxation,0.7702082395553589,0.569818377494812,0.2865072190761566,4-llamascope-res-32k:10516 | 14-llamascope-res-32k:4256 | 4-llamascope-res-32k:2967 | 19-llamascope-res-32k:3349 | 24-llamascope-res-32k:12255
28-llamascope-res-32k:25898,25898,28-llamascope-res-32k,llama3.1-8b,feeling, expressions related to emotions and feelings,0.7049487829208374,0.7022148370742798,0.09970708191394806,28-llamascope-res-32k:32431 | 28-llamascope-res-32k:28642 | 19-llamascope-res-32k:29168 | 20-llamascope-res-32k:21752 | 25-llamascope-res-32k:14428
28-llamascope-res-32k:32431,32431,28-llamascope-res-32k,llama3.1-8b,feeling,expressions related to emotions and feelings,0.7103350758552551,0.6958539485931396,0.1058834120631218,28-llamascope-res-32k:25898 | 28-llamascope-res-32k:28642 | 19-llamascope-res-32k:29168 | 20-llamascope-res-32k:21752 | 22-llamascope-res-32k:32342
19-llamascope-res-32k:29168,29168,19-llamascope-res-32k,llama3.1-8b,feeling,expressions related to emotions and feelings,0.6764224171638489,0.729801595211029,0.09920844435691833,28-llamascope-res-32k:25898 | 28-llamascope-res-32k:32431 | 20-llamascope-res-32k:21752 | 14-llamascope-res-32k:15994 | 26-llamascope-res-32k:16773
26-llamascope-res-32k:16773,16773,26-llamascope-res-32k,llama3.1-8b,feeling,expressions of emotions related to feeling and emotional states,0.6921911239624023,0.7148308753967285,0.09943976998329163,28-llamascope-res-32k:25898 | 2-llamascope-res-32k:22916 | 28-llamascope-res-32k:32431 | 19-llamascope-res-32k:29168 | 20-llamascope-res-32k:21752
24-llamascope-res-32k:12255,12255,24-llamascope-res-32k,llama3.1-8b,feeling, words associated with feelings of joy and satisfaction,0.7343695759773254,0.6005594730377197,0.31627485156059265,2-llamascope-res-32k:3788 | 4-llamascope-res-32k:2967 | 14-llamascope-res-32k:30673 | 24-llamascope-res-32k:16941 | 19-llamascope-res-32k:3349
22-llamascope-res-32k:21930,21930,22-llamascope-res-32k,llama3.1-8b,feeling, emotional expressions and sensations,0.7388972043991089,0.6737398505210876,-0.010276632383465767,22-llamascope-res-32k:32342 | 20-llamascope-res-32k:28937 | 28-llamascope-res-32k:28642 | 12-llamascope-res-32k:17366 | 18-llamascope-res-32k:25961
14-llamascope-res-32k:15994,15994,14-llamascope-res-32k,llama3.1-8b,feeling,expressions of emotions and feelings,0.7050314545631409,0.7090878486633301,0.011179612018167973,17-llamascope-res-32k:10844 | 19-llamascope-res-32k:29168 | 4-llamascope-res-32k:10516 | 8-llamascope-res-32k:10541 | 20-llamascope-res-32k:28937
4-llamascope-res-32k:10516,10516,4-llamascope-res-32k,llama3.1-8b,feeling,expressions of emotions and feelings,0.712929904460907,0.7011292576789856,-0.01219010166823864,14-llamascope-res-32k:15994 | 8-llamascope-res-32k:10541 | 17-llamascope-res-32k:10844 | 9-llamascope-res-32k:28668 | 3-llamascope-res-32k:16151
22-llamascope-res-32k:32342,32342,22-llamascope-res-32k,llama3.1-8b,feeling,expressions of emotions and feelings,0.7388120293617249,0.6738846302032471,-0.006018246989697218,22-llamascope-res-32k:21930 | 28-llamascope-res-32k:28642 | 20-llamascope-res-32k:28937 | 28-llamascope-res-32k:32431 | 23-llamascope-res-32k:17869
0-llamascope-res-32k:23613,23613,0-llamascope-res-32k,llama3.1-8b,feeling, positive feelings or states,0.7930610775947571,0.5544271469116211,0.252318412065506,1-llamascope-res-32k:31512 | 2-llamascope-res-32k:15629 | 2-llamascope-res-32k:10257 | 23-llamascope-res-32k:15359 | 0-llamascope-res-32k:16010
21-llamascope-res-32k:14049,14049,21-llamascope-res-32k,llama3.1-8b,feeling, emotional experiences and sensations,0.7460426092147827,0.651741623878479,0.13657690584659576,20-llamascope-res-32k:28937 | 17-llamascope-res-32k:14269 | 30-llamascope-res-32k:11280 | 25-llamascope-res-32k:25894 | 29-llamascope-res-32k:14094
6-llamascope-res-32k:16443,16443,6-llamascope-res-32k,llama3.1-8b,feeling, phrases describing experiences and feelings,0.62044757604599,0.7466270923614502,0.23998485505580902,22-llamascope-res-32k:5614 | 20-llamascope-res-32k:23205 | 10-llamascope-res-32k:19244 | 13-llamascope-res-32k:26998 | 3-llamascope-res-32k:23361
2-llamascope-res-32k:22916,22916,2-llamascope-res-32k,llama3.1-8b,feeling,expressions of emotional states related to feeling and emotional connections,0.6794621348381042,0.7271530628204346,0.09787566214799881,26-llamascope-res-32k:16773 | 19-llamascope-res-32k:29168 | 9-llamascope-res-32k:23257 | 28-llamascope-res-32k:25898 | 28-llamascope-res-32k:32431
3-llamascope-res-32k:1559,1559,3-llamascope-res-32k,llama3.1-8b,feeling, phrases expressing emotional reactions and feelings of acceptance,0.6033086776733398,0.7700120806694031,0.20760533213615417,3-llamascope-res-32k:23361 | 0-llamascope-res-32k:15880 | 22-llamascope-res-32k:5614 | 31-llamascope-res-32k:2954 | 3-llamascope-res-32k:16151
21-llamascope-res-32k:13867,13867,21-llamascope-res-32k,llama3.1-8b,feeling,various expressions and contexts of feelings and emotions,0.6994059681892395,0.7093579769134521,0.08742103725671768,19-llamascope-res-32k:29168 | 20-llamascope-res-32k:21752 | 28-llamascope-res-32k:25898 | 14-llamascope-res-32k:15994 | 17-llamascope-res-32k:10844
21-llamascope-res-32k:13782,13782,21-llamascope-res-32k,llama3.1-8b,feeling, emotions and sentiments related to experiences and opinions,0.7761209011077881,0.6108185052871704,0.1566435992717743,20-llamascope-res-32k:21752 | 23-llamascope-res-32k:26436 | 30-llamascope-res-32k:11280 | 21-llamascope-res-32k:14049 | 25-llamascope-res-32k:14428
25-llamascope-res-32k:14428,14428,25-llamascope-res-32k,llama3.1-8b,feeling, emotional expressions and feelings related to experiences,0.741384744644165,0.6576715111732483,0.1334800124168396,25-llamascope-res-32k:25894 | 28-llamascope-res-32k:25898 | 30-llamascope-res-32k:11280 | 28-llamascope-res-32k:32431 | 24-llamascope-res-32k:16941
1-llamascope-res-32k:31512,31512,1-llamascope-res-32k,llama3.1-8b,feeling,expressions of positive experiences or feelings,0.7860426306724548,0.5664247870445251,0.247588112950325,2-llamascope-res-32k:15629 | 6-llamascope-res-32k:3377 | 2-llamascope-res-32k:3693 | 13-llamascope-res-32k:26998 | 21-llamascope-res-32k:4662
14-llamascope-res-32k:27960,27960,14-llamascope-res-32k,llama3.1-8b,feeling, general emotional expressions or sentiments,0.7320419549942017,0.6797726154327393,0.044984880834817886,14-llamascope-res-32k:15994 | 23-llamascope-res-32k:17869 | 28-llamascope-res-32k:28642 | 24-llamascope-res-32k:28483 | 21-llamascope-res-32k:4662
19-llamascope-res-32k:19564,19564,19-llamascope-res-32k,llama3.1-8b,feeling, emotional and sensory states of being,0.7054204344749451,0.6998578906059265,0.11216516047716141,17-llamascope-res-32k:14269 | 29-llamascope-res-32k:14094 | 21-llamascope-res-32k:14049 | 19-llamascope-res-32k:8917 | 20-llamascope-res-32k:28937
19-llamascope-res-32k:13687,13687,19-llamascope-res-32k,llama3.1-8b,feeling, sentiments related to gratitude and appreciation,0.7855716347694397,0.5961302518844604,0.1658492237329483,21-llamascope-res-32k:13782 | 16-llamascope-res-32k:17953 | 19-llamascope-res-32k:29168 | 20-llamascope-res-32k:21752 | 23-llamascope-res-32k:15359
14-llamascope-res-32k:30673,30673,14-llamascope-res-32k,llama3.1-8b,feeling, words related to emotions or feelings,0.6052851676940918,0.7793834805488586,0.16183744370937347,31-llamascope-res-32k:2954 | 18-llamascope-res-32k:8128 | 14-llamascope-res-32k:22972 | 12-llamascope-res-32k:18513 | 9-llamascope-res-32k:1069
0-llamascope-res-32k:18908,18908,0-llamascope-res-32k,llama3.1-8b,feeling,words that represent emotions or feelings,0.5974329113960266,0.7801512479782104,0.1855749636888504,31-llamascope-res-32k:2954 | 14-llamascope-res-32k:30673 | 0-llamascope-res-32k:16010 | 18-llamascope-res-32k:8128 | 3-llamascope-res-32k:23361
9-llamascope-res-32k:28668,28668,9-llamascope-res-32k,llama3.1-8b,feeling, expressions of feelings and emotions,0.7125871181488037,0.7015833258628845,0.0006914902478456497,9-llamascope-res-32k:23257 | 28-llamascope-res-32k:28642 | 8-llamascope-res-32k:10541 | 28-llamascope-res-32k:25898 | 19-llamascope-res-32k:29168
18-llamascope-res-32k:8128,8128,18-llamascope-res-32k,llama3.1-8b,feeling,words related to feelings and emotions,0.6275086998939514,0.7650880217552185,0.1444755643606186,28-llamascope-res-32k:25898 | 14-llamascope-res-32k:30673 | 19-llamascope-res-32k:29168 | 28-llamascope-res-32k:32431 | 12-llamascope-res-32k:18513
17-llamascope-res-32k:10844,10844,17-llamascope-res-32k,llama3.1-8b,feeling,expressions of feelings and emotions,0.7111684679985046,0.7030042409896851,0.004930855240672827,14-llamascope-res-32k:15994 | 17-llamascope-res-32k:7433 | 20-llamascope-res-32k:28937 | 12-llamascope-res-32k:17366 | 23-llamascope-res-32k:17869
3-llamascope-res-32k:16151,16151,3-llamascope-res-32k,llama3.1-8b,feeling,expressions of emotion and feelings,0.7134242653846741,0.7005646228790283,-0.015331108123064041,14-llamascope-res-32k:15994 | 17-llamascope-res-32k:10844 | 20-llamascope-res-32k:28937 | 8-llamascope-res-32k:10541 | 28-llamascope-res-32k:28642
18-llamascope-res-32k:25961,25961,18-llamascope-res-32k,llama3.1-8b,feeling,emotional expressions and sensations,0.7306990027427673,0.6826995015144348,0.0005588718340732157,28-llamascope-res-32k:28642 | 20-llamascope-res-32k:28937 | 12-llamascope-res-32k:17366 | 28-llamascope-res-32k:25898 | 22-llamascope-res-32k:21930
19-llamascope-res-32k:8917,8917,19-llamascope-res-32k,llama3.1-8b,feeling, expressions of feeling or emotional states,0.7014416456222534,0.7118504047393799,0.0353366993367672,9-llamascope-res-32k:23257 | 23-llamascope-res-32k:17869 | 19-llamascope-res-32k:29168 | 21-llamascope-res-32k:4662 | 9-llamascope-res-32k:28668
30-llamascope-res-32k:27930,27930,30-llamascope-res-32k,llama3.1-8b,feeling,terms related to emotional or physical feelings,0.659964382648468,0.7331258058547974,0.1642359346151352,14-llamascope-res-32k:30673 | 29-llamascope-res-32k:9177 | 30-llamascope-res-32k:11280 | 31-llamascope-res-32k:2954 | 27-llamascope-res-32k:31126
3-llamascope-res-32k:20273,20273,3-llamascope-res-32k,llama3.1-8b,feeling," expressions of emotional states, particularly related to feeling or emotional experiences",0.6853156685829163,0.7233365774154663,0.08441930264234543,26-llamascope-res-32k:16773 | 23-llamascope-res-32k:17869 | 9-llamascope-res-32k:23257 | 2-llamascope-res-32k:22916 | 2-llamascope-res-32k:3693
13-llamascope-res-32k:26998,26998,13-llamascope-res-32k,llama3.1-8b,feeling, expressions describing experiences or sensations,0.68824303150177,0.7164023518562317,0.11440820246934891,23-llamascope-res-32k:17869 | 17-llamascope-res-32k:25824 | 21-llamascope-res-32k:4662 | 2-llamascope-res-32k:3693 | 25-llamascope-res-32k:14428
27-llamascope-res-32k:25576,25576,27-llamascope-res-32k,llama3.1-8b,feeling,emotional and subjective expressions of feeling or quality,0.7356684803962708,0.6748719811439514,0.05778934434056282,28-llamascope-res-32k:28642 | 20-llamascope-res-32k:21752 | 23-llamascope-res-32k:17869 | 26-llamascope-res-32k:25965 | 28-llamascope-res-32k:25898
2-llamascope-res-32k:15629,15629,2-llamascope-res-32k,llama3.1-8b,feeling,positive expressions or sentiments about experiences,0.7886760234832764,0.5727535486221313,0.22348061203956604,1-llamascope-res-32k:31512 | 23-llamascope-res-32k:15359 | 2-llamascope-res-32k:3693 | 6-llamascope-res-32k:3377 | 13-llamascope-res-32k:27562
23-llamascope-res-32k:26436,26436,23-llamascope-res-32k,llama3.1-8b,feeling,sentiments related to emotional experiences and personal connections,0.7640143632888794,0.623498260974884,0.1659276932477951,21-llamascope-res-32k:13782 | 25-llamascope-res-32k:25894 | 24-llamascope-res-32k:16941 | 25-llamascope-res-32k:14428 | 30-llamascope-res-32k:11280
10-llamascope-res-32k:25831,25831,10-llamascope-res-32k,llama3.1-8b,feeling," expressions and words associated with feelings of being ""cool"" or enjoyable experiences",0.7257689833641052,0.6057236194610596,0.32612621784210205,14-llamascope-res-32k:27477 | 10-llamascope-res-32k:21957 | 9-llamascope-res-32k:1069 | 1-llamascope-res-32k:31512 | 10-llamascope-res-32k:19244
23-llamascope-res-32k:17869,17869,23-llamascope-res-32k,llama3.1-8b,feeling,expressions of emotions or feelings,0.7225912809371948,0.6899649500846863,0.042546991258859634,2-llamascope-res-32k:3693 | 22-llamascope-res-32k:32342 | 21-llamascope-res-32k:4662 | 17-llamascope-res-32k:10844 | 20-llamascope-res-32k:28937
2-llamascope-res-32k:3693,3693,2-llamascope-res-32k,llama3.1-8b,feeling,expressions of emotions or feelings,0.7292126417160034,0.6840765476226807,0.016974305734038353,23-llamascope-res-32k:17869 | 22-llamascope-res-32k:32342 | 21-llamascope-res-32k:4662 | 20-llamascope-res-32k:28937 | 28-llamascope-res-32k:28642
27-llamascope-res-32k:31126,31126,27-llamascope-res-32k,llama3.1-8b,feeling,body-related sensations or feelings,0.6815752983093262,0.7127476334571838,0.16566795110702515,29-llamascope-res-32k:9177 | 21-llamascope-res-32k:4662 | 30-llamascope-res-32k:27930 | 25-llamascope-res-32k:25894 | 21-llamascope-res-32k:14049
8-llamascope-res-32k:10541,10541,8-llamascope-res-32k,llama3.1-8b,feeling, expressions of emotions and feelings,0.7122880816459656,0.701704740524292,-0.01600503921508789,9-llamascope-res-32k:28668 | 28-llamascope-res-32k:28642 | 4-llamascope-res-32k:10516 | 20-llamascope-res-32k:28937 | 14-llamascope-res-32k:15994
17-llamascope-res-32k:15596,15596,17-llamascope-res-32k,llama3.1-8b,feeling," expressions related to ""sense of"" followed by various emotional or perceptual states",0.6555736064910889,0.7470112442970276,0.11044181138277054,17-llamascope-res-32k:25824 | 26-llamascope-res-32k:16773 | 19-llamascope-res-32k:29168 | 3-llamascope-res-32k:20273 | 17-llamascope-res-32k:14269
29-llamascope-res-32k:19644,19644,29-llamascope-res-32k,llama3.1-8b,feeling,emotional descriptors and adjectives related to feelings and experiences,0.6206075549125671,0.75300532579422,0.21869909763336182,25-llamascope-res-32k:25894 | 14-llamascope-res-32k:30673 | 10-llamascope-res-32k:19244 | 28-llamascope-res-32k:32431 | 19-llamascope-res-32k:29168
9-llamascope-res-32k:23257,23257,9-llamascope-res-32k,llama3.1-8b,feeling, expressions of feeling and emotional states,0.6984284520149231,0.7151251435279846,0.028173264116048813,9-llamascope-res-32k:28668 | 19-llamascope-res-32k:8917 | 20-llamascope-res-32k:28937 | 22-llamascope-res-32k:32342 | 19-llamascope-res-32k:29168
4-llamascope-res-32k:2967,2967,4-llamascope-res-32k,llama3.1-8b,feeling, phrases related to feelings of contentment or satisfaction,0.7357058525085449,0.5940592885017395,0.32531607151031494,2-llamascope-res-32k:3788 | 24-llamascope-res-32k:12255 | 4-llamascope-res-32k:6538 | 4-llamascope-res-32k:26215 | 2-llamascope-res-32k:22799
26-llamascope-res-32k:30221,30221,26-llamascope-res-32k,llama3.1-8b,feeling,emotional experiences and complex feelings,0.7563231587409973,0.6395555734634399,0.13763676583766937,19-llamascope-res-32k:3946 | 24-llamascope-res-32k:18720 | 21-llamascope-res-32k:14049 | 18-llamascope-res-32k:1151 | 25-llamascope-res-32k:25894
14-llamascope-res-32k:27477,27477,14-llamascope-res-32k,llama3.1-8b,feeling, expressions related to experiences and feelings about enjoyment or fun,0.7275673747062683,0.6134321689605713,0.30715903639793396,10-llamascope-res-32k:21957 | 25-llamascope-res-32k:14428 | 13-llamascope-res-32k:26998 | 14-llamascope-res-32k:30673 | 17-llamascope-res-32k:25824
17-llamascope-res-32k:1041,1041,17-llamascope-res-32k,llama3.1-8b,feeling, sentiments related to music and emotional reactions,0.7778629064559937,0.6093687415122986,0.15362033247947693,17-llamascope-res-32k:7433 | 20-llamascope-res-32k:21752 | 17-llamascope-res-32k:10844 | 21-llamascope-res-32k:13782 | 17-llamascope-res-32k:14269
20-llamascope-res-32k:21752,21752,20-llamascope-res-32k,llama3.1-8b,feeling,emotional expressions related to feelings and sentiments,0.727156937122345,0.6788389086723328,0.10208068788051605,28-llamascope-res-32k:25898 | 19-llamascope-res-32k:29168 | 28-llamascope-res-32k:32431 | 20-llamascope-res-32k:28937 | 21-llamascope-res-32k:13782
22-llamascope-res-32k:5614,5614,22-llamascope-res-32k,llama3.1-8b,feeling, phrases expressing emotions or sentiments about situations,0.6050212979316711,0.7713046669960022,0.19758108258247375,3-llamascope-res-32k:23361 | 31-llamascope-res-32k:2954 | 6-llamascope-res-32k:16443 | 18-llamascope-res-32k:22875 | 14-llamascope-res-32k:30673
4-llamascope-res-32k:26763,26763,4-llamascope-res-32k,llama3.1-8b,feeling, feelings of uncertainty or contemplation,0.7607082724571228,0.6450415849685669,0.07241766899824142,20-llamascope-res-32k:19623 | 11-llamascope-res-32k:6107 | 4-llamascope-res-32k:10516 | 2-llamascope-res-32k:3693 | 4-llamascope-res-32k:26215
2-llamascope-res-32k:22799,22799,2-llamascope-res-32k,llama3.1-8b,feeling,phrases relating to experiencing or receiving something enjoyable or special,0.7289552688598633,0.5928822159767151,0.34222057461738586,18-llamascope-res-32k:22875 | 4-llamascope-res-32k:2967 | 14-llamascope-res-32k:27477 | 22-llamascope-res-32k:5614 | 6-llamascope-res-32k:16443
17-llamascope-res-32k:7433,7433,17-llamascope-res-32k,llama3.1-8b,feeling,emotion-related expressions,0.7087021470069885,0.7025511860847473,0.06452147662639618,17-llamascope-res-32k:10844 | 12-llamascope-res-32k:17366 | 20-llamascope-res-32k:21752 | 19-llamascope-res-32k:29168 | 28-llamascope-res-32k:32431
27-llamascope-res-32k:5822,5822,27-llamascope-res-32k,llama3.1-8b,feeling, phrases related to subjective feelings and opinions,0.6229017376899719,0.7495898008346558,0.2238493710756302,21-llamascope-res-32k:13782 | 22-llamascope-res-32k:5614 | 20-llamascope-res-32k:23205 | 10-llamascope-res-32k:19244 | 18-llamascope-res-32k:8128
18-llamascope-res-32k:22875,22875,18-llamascope-res-32k,llama3.1-8b,feeling, phrases indicating a sense of being influenced or affected by various factors or emotions,0.6048257946968079,0.7693586945533752,0.20560403168201447,22-llamascope-res-32k:5614 | 0-llamascope-res-32k:18908 | 31-llamascope-res-32k:2954 | 3-llamascope-res-32k:23361 | 18-llamascope-res-32k:8128
25-llamascope-res-32k:9554,9554,25-llamascope-res-32k,llama3.1-8b,feeling,emotions and sensations associated with warmth and comfort,0.7302853465080261,0.6607723832130432,0.17338746786117554,25-llamascope-res-32k:25894 | 25-llamascope-res-32k:14428 | 29-llamascope-res-32k:9177 | 24-llamascope-res-32k:16941 | 30-llamascope-res-32k:11280
10-llamascope-res-32k:19244,19244,10-llamascope-res-32k,llama3.1-8b,feeling, phrases related to emotional states and experiences,0.6079453229904175,0.7633793354034424,0.21829953789710999,0-llamascope-res-32k:15880 | 9-llamascope-res-32k:1069 | 22-llamascope-res-32k:5614 | 0-llamascope-res-32k:16010 | 6-llamascope-res-32k:16443
23-llamascope-res-32k:31269,31269,23-llamascope-res-32k,llama3.1-8b,feeling, instances of feeling or being alone,0.7111929059028625,0.6972426176071167,0.08976355195045471,23-llamascope-res-32k:17869 | 22-llamascope-res-32k:32342 | 21-llamascope-res-32k:4662 | 29-llamascope-res-32k:14094 | 2-llamascope-res-32k:3693
5-llamascope-res-32k:24019,24019,5-llamascope-res-32k,llama3.1-8b,feeling, evaluations of experiences or feelings,0.73100745677948,0.6675730347633362,0.1413308084011078,25-llamascope-res-32k:25894 | 25-llamascope-res-32k:14428 | 21-llamascope-res-32k:14049 | 13-llamascope-res-32k:27562 | 30-llamascope-res-32k:11280
26-llamascope-res-32k:26763,26763,26-llamascope-res-32k,llama3.1-8b,feeling, sentiments of hope and anticipation,0.7822921276092529,0.6096381545066833,0.12790776789188385,26-llamascope-res-32k:25965 | 28-llamascope-res-32k:28642 | 23-llamascope-res-32k:26436 | 20-llamascope-res-32k:28937 | 22-llamascope-res-32k:32342
31-llamascope-res-32k:2954,2954,31-llamascope-res-32k,llama3.1-8b,feeling, words that express feelings or emotions,0.601396381855011,0.7770081162452698,0.1859591156244278,14-llamascope-res-32k:30673 | 3-llamascope-res-32k:23361 | 0-llamascope-res-32k:18908 | 30-llamascope-res-32k:27974 | 22-llamascope-res-32k:5614
21-llamascope-res-32k:4662,4662,21-llamascope-res-32k,llama3.1-8b,feeling, expressions of emotional or physical sensations,0.7152440547943115,0.6956413984298706,0.06714902818202972,23-llamascope-res-32k:17869 | 20-llamascope-res-32k:28937 | 21-llamascope-res-32k:14049 | 22-llamascope-res-32k:32342 | 2-llamascope-res-32k:3693
1-llamascope-res-32k:12368,12368,1-llamascope-res-32k,llama3.1-8b,feeling,"the word ""hope"" indicating feelings of optimism or aspiration",0.7749348282814026,0.5758577585220337,0.26050707697868347,26-llamascope-res-32k:26763 | 21-llamascope-res-32k:5779 | 31-llamascope-res-32k:2954 | 1-llamascope-res-32k:31512 | 14-llamascope-res-32k:30673
6-llamascope-res-32k:3377,3377,6-llamascope-res-32k,llama3.1-8b,feeling, expressions of positive emotions or feelings of satisfaction,0.7900562882423401,0.5538235902786255,0.2628507614135742,1-llamascope-res-32k:31512 | 19-llamascope-res-32k:3349 | 2-llamascope-res-32k:15629 | 2-llamascope-res-32k:3693 | 21-llamascope-res-32k:5779
12-llamascope-res-32k:18513,18513,12-llamascope-res-32k,llama3.1-8b,feeling,words related to emotions or states of being,0.6080530881881714,0.7786094546318054,0.15504440665245056,9-llamascope-res-32k:1069 | 14-llamascope-res-32k:30673 | 0-llamascope-res-32k:16010 | 18-llamascope-res-32k:8128 | 0-llamascope-res-32k:15880
9-llamascope-res-32k:310,310,9-llamascope-res-32k,llama3.1-8b,feeling, emotional states and experiences related to awareness and perception,0.6994044780731201,0.6996465921401978,0.1460411548614502,29-llamascope-res-32k:9177 | 9-llamascope-res-32k:23257 | 29-llamascope-res-32k:14094 | 9-llamascope-res-32k:28668 | 30-llamascope-res-32k:11280
2-llamascope-res-32k:3788,3788,2-llamascope-res-32k,llama3.1-8b,feeling, words associated with satisfaction or fulfillment,0.7381741404533386,0.5897542834281921,0.32754993438720703,4-llamascope-res-32k:2967 | 24-llamascope-res-32k:12255 | 19-llamascope-res-32k:3349 | 6-llamascope-res-32k:3377 | 2-llamascope-res-32k:22799
20-llamascope-res-32k:28937,28937,20-llamascope-res-32k,llama3.1-8b,feeling, expressions of emotions and sensations,0.7348247170448303,0.6781569719314575,-0.011652316898107529,22-llamascope-res-32k:21930 | 28-llamascope-res-32k:28642 | 22-llamascope-res-32k:32342 | 20-llamascope-res-32k:21752 | 17-llamascope-res-32k:10844
27-llamascope-res-32k:18073,18073,27-llamascope-res-32k,llama3.1-8b,feeling, emotions related to love and affection,0.72034752368927,0.682567298412323,0.12329315394163132,28-llamascope-res-32k:25898 | 20-llamascope-res-32k:21752 | 28-llamascope-res-32k:32431 | 26-llamascope-res-32k:16773 | 28-llamascope-res-32k:28642
23-llamascope-res-32k:15359,15359,23-llamascope-res-32k,llama3.1-8b,feeling,positive sentiments and descriptions related to experiences and things enjoyed,0.7890642285346985,0.579588770866394,0.20360377430915833,2-llamascope-res-32k:15629 | 1-llamascope-res-32k:31512 | 23-llamascope-res-32k:26436 | 21-llamascope-res-32k:13782 | 13-llamascope-res-32k:27562
0-llamascope-res-32k:16010,16010,0-llamascope-res-32k,llama3.1-8b,feeling, words related to emotions or states of being,0.5939360857009888,0.7850655317306519,0.17581835389137268,0-llamascope-res-32k:15880 | 9-llamascope-res-32k:1069 | 14-llamascope-res-32k:30673 | 12-llamascope-res-32k:18513 | 0-llamascope-res-32k:18908
9-llamascope-res-32k:1069,1069,9-llamascope-res-32k,llama3.1-8b,feeling, words related to emotions or states of being,0.6007918119430542,0.7820476293563843,0.16568270325660706,0-llamascope-res-32k:16010 | 12-llamascope-res-32k:18513 | 14-llamascope-res-32k:30673 | 0-llamascope-res-32k:15880 | 29-llamascope-res-32k:9177
14-llamascope-res-32k:22972,22972,14-llamascope-res-32k,llama3.1-8b,feeling,language related to emotions and feelings,0.6396554708480835,0.7578600645065308,0.12840984761714935,14-llamascope-res-32k:30673 | 19-llamascope-res-32k:29168 | 14-llamascope-res-32k:15994 | 28-llamascope-res-32k:25898 | 28-llamascope-res-32k:32431
21-llamascope-res-32k:12447,12447,21-llamascope-res-32k,llama3.1-8b,feeling, references to emotional experiences and thoughts related to relief and accountability,0.7023976445198059,0.6588871479034424,0.26926833391189575,14-llamascope-res-32k:4256 | 24-llamascope-res-32k:16941 | 25-llamascope-res-32k:14428 | 21-llamascope-res-32k:13782 | 21-llamascope-res-32k:14049
12-llamascope-res-32k:17366,17366,12-llamascope-res-32k,llama3.1-8b,feeling, emotional expressions and experiences,0.7300522923469543,0.6833247542381287,0.009541572071611881,17-llamascope-res-32k:10844 | 17-llamascope-res-32k:14269 | 18-llamascope-res-32k:25961 | 22-llamascope-res-32k:21930 | 17-llamascope-res-32k:7433
7-llamascope-res-32k:13536,13536,7-llamascope-res-32k,llama3.1-8b,feeling,sentiments and characteristics related to emotional depth and sensitivity,0.7767471075057983,0.6116000413894653,0.1503637135028839,21-llamascope-res-32k:13782 | 7-llamascope-res-32k:21634 | 17-llamascope-res-32k:7433 | 20-llamascope-res-32k:21752 | 23-llamascope-res-32k:26436
0-llamascope-res-32k:15880,15880,0-llamascope-res-32k,llama3.1-8b,feeling, words and phrases related to emotions and states of being,0.5958898663520813,0.7791828513145447,0.19439516961574554,0-llamascope-res-32k:16010 | 9-llamascope-res-32k:1069 | 12-llamascope-res-32k:18513 | 10-llamascope-res-32k:19244 | 18-llamascope-res-32k:8128
10-llamascope-res-32k:10198,10198,10-llamascope-res-32k,llama3.1-8b,feeling, thoughts and emotions related to introspection and self-reflection,0.7353687286376953,0.6533437371253967,0.17993007600307465,30-llamascope-res-32k:11280 | 24-llamascope-res-32k:16941 | 21-llamascope-res-32k:13782 | 28-llamascope-res-32k:25898 | 29-llamascope-res-32k:14094
2-llamascope-res-32k:3071,3071,2-llamascope-res-32k,llama3.1-8b,feeling,"emotions related to love, self-worth, and personal acceptance",0.7321686744689941,0.6633288264274597,0.1546735018491745,27-llamascope-res-32k:18073 | 28-llamascope-res-32k:32431 | 28-llamascope-res-32k:25898 | 20-llamascope-res-32k:21752 | 30-llamascope-res-32k:11280
3-llamascope-res-32k:9751,9751,3-llamascope-res-32k,llama3.1-8b,feeling," strong sentiments of joy, success, and disappointment related to experiences and interactions",0.7902581691741943,0.5789889693260193,0.2006584107875824,23-llamascope-res-32k:15359 | 21-llamascope-res-32k:13782 | 1-llamascope-res-32k:31512 | 2-llamascope-res-32k:15629 | 24-llamascope-res-32k:16941
26-llamascope-res-32k:25965,25965,26-llamascope-res-32k,llama3.1-8b,feeling, emotional expressions and inquiries about feelings,0.7312303781509399,0.6810879707336426,0.03770199790596962,28-llamascope-res-32k:25898 | 28-llamascope-res-32k:28642 | 25-llamascope-res-32k:14428 | 25-llamascope-res-32k:25894 | 26-llamascope-res-32k:16773
9-llamascope-res-32k:308,308,9-llamascope-res-32k,llama3.1-8b,feeling,expressions of feeling fortunate or lucky,0.7940990328788757,0.5479288697242737,0.2630223333835602,2-llamascope-res-32k:10257 | 9-llamascope-res-32k:28668 | 1-llamascope-res-32k:31512 | 9-llamascope-res-32k:23257 | 6-llamascope-res-32k:3377
24-llamascope-res-32k:18720,18720,24-llamascope-res-32k,llama3.1-8b,feeling, emotional experiences and the complex nature of feelings,0.7564684748649597,0.6399570107460022,0.1349458545446396,26-llamascope-res-32k:30221 | 18-llamascope-res-32k:1151 | 19-llamascope-res-32k:3946 | 21-llamascope-res-32k:14049 | 25-llamascope-res-32k:14428
19-llamascope-res-32k:3946,3946,19-llamascope-res-32k,llama3.1-8b,feeling, complex emotional experiences and reflections,0.7535740733146667,0.6444757580757141,0.12952624261379242,26-llamascope-res-32k:30221 | 18-llamascope-res-32k:1151 | 24-llamascope-res-32k:18720 | 24-llamascope-res-32k:16941 | 21-llamascope-res-32k:14049
20-llamascope-res-32k:23205,23205,20-llamascope-res-32k,llama3.1-8b,feeling, descriptive phrases about experiences and feelings,0.6186790466308594,0.7491708397865295,0.23659934103488922,6-llamascope-res-32k:16443 | 22-llamascope-res-32k:5614 | 10-llamascope-res-32k:19244 | 27-llamascope-res-32k:5822 | 3-llamascope-res-32k:23361
2-llamascope-res-32k:28049,28049,2-llamascope-res-32k,llama3.1-8b,feeling,descriptions and expressions of feelings and sensations,0.7396407127380371,0.6727660894393921,-0.017816737294197083,20-llamascope-res-32k:28937 | 28-llamascope-res-32k:28642 | 28-llamascope-res-32k:32431 | 22-llamascope-res-32k:32342 | 28-llamascope-res-32k:25898
13-llamascope-res-32k:15210,15210,13-llamascope-res-32k,llama3.1-8b,feeling,expressions of personal feelings and quotes,0.6967564821243286,0.7169656753540039,0.022151624783873558,14-llamascope-res-32k:15994 | 17-llamascope-res-32k:10844 | 3-llamascope-res-32k:16151 | 12-llamascope-res-32k:17366 | 23-llamascope-res-32k:17869
20-llamascope-res-32k:19623,19623,20-llamascope-res-32k,llama3.1-8b,feeling,expressions of uncertainty or mixed feelings,0.7541008591651917,0.6543080806732178,0.05668238177895546,4-llamascope-res-32k:26763 | 23-llamascope-res-32k:17869 | 20-llamascope-res-32k:28937 | 22-llamascope-res-32k:32342 | 2-llamascope-res-32k:3693
10-llamascope-res-32k:21957,21957,10-llamascope-res-32k,llama3.1-8b,feeling, references to feelings of enjoyment and fun,0.7290461659431458,0.6092216968536377,0.3119944930076599,14-llamascope-res-32k:27477 | 24-llamascope-res-32k:12255 | 23-llamascope-res-32k:15359 | 4-llamascope-res-32k:2967 | 21-llamascope-res-32k:5779
11-llamascope-res-32k:4507,4507,11-llamascope-res-32k,llama3.1-8b,feeling, expressions of mixed feelings and variability in experiences,0.760816216468811,0.6375191807746887,0.12135898321866989,20-llamascope-res-32k:19623 | 25-llamascope-res-32k:14428 | 17-llamascope-res-32k:10844 | 20-llamascope-res-32k:28937 | 30-llamascope-res-32k:11280
19-llamascope-res-32k:3349,3349,19-llamascope-res-32k,llama3.1-8b,feeling, expressions of satisfaction and fulfillment,0.7773762941360474,0.5609082579612732,0.2847244441509247,6-llamascope-res-32k:3377 | 2-llamascope-res-32k:3788 | 21-llamascope-res-32k:5779 | 20-llamascope-res-32k:28937 | 2-llamascope-res-32k:4241
15-llamascope-res-32k:11116,11116,15-llamascope-res-32k,llama3.1-8b,feeling,emotions and states of being related to frustration or dissatisfaction,0.6500627398490906,0.7530588507652283,0.10159164667129517,12-llamascope-res-32k:18513 | 30-llamascope-res-32k:11280 | 25-llamascope-res-32k:14428 | 26-llamascope-res-32k:16773 | 19-llamascope-res-32k:29168
21-llamascope-res-32k:15194,15194,21-llamascope-res-32k,llama3.1-8b,feeling,emotions and perceptions associated with judgment and morality,0.778415322303772,0.6101318597793579,0.14767733216285706,21-llamascope-res-32k:13782 | 20-llamascope-res-32k:21752 | 19-llamascope-res-32k:29168 | 24-llamascope-res-32k:16941 | 30-llamascope-res-32k:11280
5-llamascope-res-32k:17022,17022,5-llamascope-res-32k,llama3.1-8b,feeling,emotions and states of concern regarding various situations,0.7317375540733337,0.6736140251159668,0.10394423454999924,17-llamascope-res-32k:14269 | 29-llamascope-res-32k:14094 | 5-llamascope-res-32k:24019 | 21-llamascope-res-32k:13782 | 20-llamascope-res-32k:21752
1-llamascope-res-32k:19624,19624,1-llamascope-res-32k,llama3.1-8b,feeling, instances of warmth or welcoming feelings,0.7824411392211914,0.5665127038955688,0.25855207443237305,1-llamascope-res-32k:31512 | 25-llamascope-res-32k:9554 | 21-llamascope-res-32k:4662 | 4-llamascope-res-32k:6538 | 2-llamascope-res-32k:15629
2-llamascope-res-32k:4241,4241,2-llamascope-res-32k,llama3.1-8b,feeling, expressions of understanding and realization,0.742400586605072,0.669426441192627,-0.02663944475352764,22-llamascope-res-32k:32342 | 2-llamascope-res-32k:28049 | 20-llamascope-res-32k:28937 | 8-llamascope-res-32k:10541 | 2-llamascope-res-32k:3693
21-llamascope-res-32k:5779,5779,21-llamascope-res-32k,llama3.1-8b,feeling, expressions of excitement and confidence about experiences or opportunities,0.7732208967208862,0.5751503705978394,0.2670796513557434,1-llamascope-res-32k:31512 | 24-llamascope-res-32k:15681 | 19-llamascope-res-32k:3349 | 21-llamascope-res-32k:4662 | 2-llamascope-res-32k:15629
4-llamascope-res-32k:6538,6538,4-llamascope-res-32k,llama3.1-8b,feeling,words and phrases that convey a positive or agreeable experience,0.7478077411651611,0.5813425183296204,0.3206625282764435,1-llamascope-res-32k:31512 | 4-llamascope-res-32k:2967 | 2-llamascope-res-32k:15629 | 2-llamascope-res-32k:22799 | 23-llamascope-res-32k:15359
3-llamascope-res-32k:2930,2930,3-llamascope-res-32k,llama3.1-8b,feeling, sentiment expressing disappointment,0.7767631411552429,0.6190558075904846,0.11579709500074387,3-llamascope-res-32k:31540 | 28-llamascope-res-32k:28642 | 20-llamascope-res-32k:28937 | 3-llamascope-res-32k:16151 | 22-llamascope-res-32k:21930
18-llamascope-res-32k:1151,1151,18-llamascope-res-32k,llama3.1-8b,feeling,complex emotional and psychological experiences,0.7490916848182678,0.6515687108039856,0.11966542899608612,19-llamascope-res-32k:3946 | 24-llamascope-res-32k:18720 | 26-llamascope-res-32k:30221 | 21-llamascope-res-32k:14049 | 18-llamascope-res-32k:25961
11-llamascope-res-32k:6107,6107,11-llamascope-res-32k,llama3.1-8b,feeling, sentiments of uncertainty and the weighing of options,0.7693974375724792,0.6330715417861938,0.0851350873708725,4-llamascope-res-32k:26763 | 20-llamascope-res-32k:19623 | 21-llamascope-res-32k:13782 | 26-llamascope-res-32k:26763 | 5-llamascope-res-32k:17022
24-llamascope-res-32k:15681,15681,24-llamascope-res-32k,llama3.1-8b,feeling,excitement or exhilarating experiences,0.7706825733184814,0.5787666440010071,0.2666037082672119,21-llamascope-res-32k:5779 | 21-llamascope-res-32k:14049 | 2-llamascope-res-32k:15629 | 1-llamascope-res-32k:31512 | 24-llamascope-res-32k:16941
4-llamascope-res-32k:14252,14252,4-llamascope-res-32k,llama3.1-8b,sentiment,emotional expressions or sentiments,-0.08891432732343674,0.9513012766838074,0.2951611280441284,24-llamascope-res-32k:28483 | 31-llamascope-res-32k:12799 | 13-llamascope-res-32k:9449 | 9-llamascope-res-32k:16498 | 1-llamascope-res-32k:23915
0-llamascope-res-32k:16278,16278,0-llamascope-res-32k,llama3.1-8b,sentiment, expressions of sentiment or emotional context,-0.09416906535625458,0.9511193037033081,0.2941162586212158,0-llamascope-res-32k:30098 | 24-llamascope-res-32k:28483 | 31-llamascope-res-32k:12799 | 9-llamascope-res-32k:16498 | 29-llamascope-res-32k:10690
24-llamascope-res-32k:28483,28483,24-llamascope-res-32k,llama3.1-8b,sentiment, emotional expressions or sentiments,-0.09353001415729523,0.9435834884643555,0.3176513612270355,31-llamascope-res-32k:12799 | 4-llamascope-res-32k:14252 | 24-llamascope-res-32k:5970 | 18-llamascope-res-32k:22429 | 13-llamascope-res-32k:9449
4-llamascope-res-32k:14207,14207,4-llamascope-res-32k,llama3.1-8b,sentiment, positive sentiment or approval,-0.20496055483818054,0.9177118539810181,0.3402881920337677,14-llamascope-res-32k:30408 | 9-llamascope-res-32k:26548 | 4-llamascope-res-32k:14252 | 18-llamascope-res-32k:18988 | 24-llamascope-res-32k:28483
13-llamascope-res-32k:9449,9449,13-llamascope-res-32k,llama3.1-8b,sentiment,expressions of emotion or sentiment,-0.0677969753742218,0.9450370073318481,0.3198573887348175,9-llamascope-res-32k:16498 | 31-llamascope-res-32k:12799 | 24-llamascope-res-32k:28483 | 13-llamascope-res-32k:20703 | 9-llamascope-res-32k:30288
16-llamascope-res-32k:17953,17953,16-llamascope-res-32k,llama3.1-8b,sentiment,emotions or sentiments tied to affection and appreciation,-0.17343023419380188,0.9454841613769531,0.27564796805381775,16-llamascope-res-32k:4839 | 31-llamascope-res-32k:12799 | 19-llamascope-res-32k:13687 | 19-llamascope-res-32k:17599 | 16-llamascope-res-32k:29185
14-llamascope-res-32k:30408,30408,14-llamascope-res-32k,llama3.1-8b,sentiment,sentiments of optimism or positivity,-0.21519921720027924,0.9166443943977356,0.3368270993232727,4-llamascope-res-32k:14207 | 29-llamascope-res-32k:26305 | 24-llamascope-res-32k:28483 | 4-llamascope-res-32k:14252 | 9-llamascope-res-32k:26548
0-llamascope-res-32k:30098,30098,0-llamascope-res-32k,llama3.1-8b,sentiment, expressions of feelings or sentiments,-0.05295076593756676,0.9481695890426636,0.3133220374584198,0-llamascope-res-32k:16278 | 31-llamascope-res-32k:12799 | 24-llamascope-res-32k:28483 | 13-llamascope-res-32k:9449 | 23-llamascope-res-32k:10370
7-llamascope-res-32k:21634,21634,7-llamascope-res-32k,llama3.1-8b,sentiment, expressions of sentiment and subjective feelings,-0.34780001640319824,0.8918296098709106,0.2892662286758423,21-llamascope-res-32k:22182 | 27-llamascope-res-32k:31190 | 7-llamascope-res-32k:31060 | 13-llamascope-res-32k:20703 | 26-llamascope-res-32k:13363
2-llamascope-res-32k:30286,30286,2-llamascope-res-32k,llama3.1-8b,sentiment, expressions of emotion and sentiment,-0.3703598380088806,0.8661678433418274,0.33553966879844666,27-llamascope-res-32k:31190 | 26-llamascope-res-32k:13363 | 31-llamascope-res-32k:12799 | 1-llamascope-res-32k:23915 | 5-llamascope-res-32k:20343
27-llamascope-res-32k:31190,31190,27-llamascope-res-32k,llama3.1-8b,sentiment, expressions of emotion and sentiment,-0.38057470321655273,0.8650786280632019,0.32680559158325195,26-llamascope-res-32k:13363 | 31-llamascope-res-32k:12799 | 1-llamascope-res-32k:23915 | 19-llamascope-res-32k:17599 | 2-llamascope-res-32k:30286
26-llamascope-res-32k:13363,13363,26-llamascope-res-32k,llama3.1-8b,sentiment, expressions of emotion and sentiment,-0.4027007520198822,0.8635323643684387,0.30355244874954224,27-llamascope-res-32k:31190 | 13-llamascope-res-32k:20703 | 2-llamascope-res-32k:30286 | 1-llamascope-res-32k:23915 | 31-llamascope-res-32k:12799
31-llamascope-res-32k:12799,12799,31-llamascope-res-32k,llama3.1-8b,sentiment, expressions of emotion or sentiment,-0.08799948543310165,0.9387487173080444,0.33317697048187256,24-llamascope-res-32k:28483 | 13-llamascope-res-32k:9449 | 27-llamascope-res-32k:31190 | 0-llamascope-res-32k:30098 | 2-llamascope-res-32k:30286
3-llamascope-res-32k:11974,11974,3-llamascope-res-32k,llama3.1-8b,sentiment, expressions of sentiment or emotional reflections,-0.057631853967905045,0.9427632093429565,0.3284449875354767,31-llamascope-res-32k:12799 | 13-llamascope-res-32k:9449 | 24-llamascope-res-32k:28483 | 3-llamascope-res-32k:31540 | 4-llamascope-res-32k:14252
14-llamascope-res-32k:5331,5331,14-llamascope-res-32k,llama3.1-8b,sentiment, text that expresses emotional resonance or sentiment,-0.14013515412807465,0.9490620493888855,0.28221142292022705,24-llamascope-res-32k:5970 | 2-llamascope-res-32k:7638 | 31-llamascope-res-32k:12799 | 24-llamascope-res-32k:28483 | 13-llamascope-res-32k:9449
21-llamascope-res-32k:29846,29846,21-llamascope-res-32k,llama3.1-8b,sentiment,emotional attitudes and sentiments towards individuals or groups,-0.2548101246356964,0.9117210507392883,0.3222370147705078,21-llamascope-res-32k:22182 | 22-llamascope-res-32k:5689 | 24-llamascope-res-32k:28483 | 16-llamascope-res-32k:4839 | 15-llamascope-res-32k:26865
13-llamascope-res-32k:20703,20703,13-llamascope-res-32k,llama3.1-8b,sentiment, expressions of emotions and sentiments,-0.39622142910957336,0.8699044585227966,0.2937256693840027,26-llamascope-res-32k:13363 | 27-llamascope-res-32k:31190 | 13-llamascope-res-32k:9449 | 11-llamascope-res-32k:8733 | 1-llamascope-res-32k:23915
9-llamascope-res-32k:5090,5090,9-llamascope-res-32k,llama3.1-8b,sentiment, expressions of emotions and sentiments,-0.3133660554885864,0.8778809905052185,0.36211416125297546,9-llamascope-res-32k:30288 | 9-llamascope-res-32k:16498 | 13-llamascope-res-32k:9449 | 19-llamascope-res-32k:17599 | 31-llamascope-res-32k:12799
18-llamascope-res-32k:18988,18988,18-llamascope-res-32k,llama3.1-8b,sentiment,positive sentiment indicators or expressions of approval,-0.20045684278011322,0.9174541234970093,0.34364962577819824,9-llamascope-res-32k:26548 | 18-llamascope-res-32k:22429 | 4-llamascope-res-32k:14207 | 14-llamascope-res-32k:30408 | 31-llamascope-res-32k:19134
29-llamascope-res-32k:26305,26305,29-llamascope-res-32k,llama3.1-8b,sentiment,sentiments related to optimism in market conditions,-0.23461392521858215,0.9142639636993408,0.33026930689811707,14-llamascope-res-32k:30408 | 29-llamascope-res-32k:10690 | 9-llamascope-res-32k:26548 | 27-llamascope-res-32k:31190 | 1-llamascope-res-32k:23915
29-llamascope-res-32k:10690,10690,29-llamascope-res-32k,llama3.1-8b,sentiment,emotions and sentiments expressed in various contexts,-0.3204529583454132,0.9010360836982727,0.2923077642917633,31-llamascope-res-32k:12799 | 1-llamascope-res-32k:23915 | 27-llamascope-res-32k:31190 | 19-llamascope-res-32k:17599 | 9-llamascope-res-32k:30288
31-llamascope-res-32k:19134,19134,31-llamascope-res-32k,llama3.1-8b,sentiment, markers of strong emotional or expressive sentiment,-0.12996503710746765,0.9238085150718689,0.3601207137107849,31-llamascope-res-32k:12799 | 16-llamascope-res-32k:29185 | 24-llamascope-res-32k:28483 | 13-llamascope-res-32k:9449 | 31-llamascope-res-32k:1174
23-llamascope-res-32k:15355,15355,23-llamascope-res-32k,llama3.1-8b,sentiment, words related to sentiment and emotional expression,-0.3052074909210205,0.9081048369407654,0.2866951525211334,1-llamascope-res-32k:23915 | 26-llamascope-res-32k:13363 | 5-llamascope-res-32k:20343 | 19-llamascope-res-32k:17599 | 27-llamascope-res-32k:31190
22-llamascope-res-32k:5689,5689,22-llamascope-res-32k,llama3.1-8b,sentiment,emotional reactions and sentiments,-0.36096635460853577,0.8732593655586243,0.32729411125183105,1-llamascope-res-32k:23915 | 19-llamascope-res-32k:17599 | 5-llamascope-res-32k:20343 | 24-llamascope-res-32k:28483 | 27-llamascope-res-32k:31190
14-llamascope-res-32k:12717,12717,14-llamascope-res-32k,llama3.1-8b,sentiment,significant sentiment expressions and emotional tones,-0.22001923620700836,0.911017894744873,0.34876617789268494,19-llamascope-res-32k:17599 | 31-llamascope-res-32k:19134 | 16-llamascope-res-32k:29185 | 11-llamascope-res-32k:8733 | 13-llamascope-res-32k:20703
31-llamascope-res-32k:19458,19458,31-llamascope-res-32k,llama3.1-8b,sentiment, personal sentiments and emotional connections,-0.3042680323123932,0.9041320085525513,0.2999434769153595,15-llamascope-res-32k:26865 | 25-llamascope-res-32k:3055 | 23-llamascope-res-32k:26436 | 1-llamascope-res-32k:23915 | 11-llamascope-res-32k:8733
24-llamascope-res-32k:5970,5970,24-llamascope-res-32k,llama3.1-8b,sentiment,emotionally charged expressions or sentiments,-0.11481660604476929,0.9471892714500427,0.2994154095649719,24-llamascope-res-32k:28483 | 31-llamascope-res-32k:12799 | 4-llamascope-res-32k:14252 | 19-llamascope-res-32k:17599 | 2-llamascope-res-32k:7638
23-llamascope-res-32k:10370,10370,23-llamascope-res-32k,llama3.1-8b,sentiment, expressions of emotion or personal sentiment,-0.06761640310287476,0.9313035011291504,0.35791298747062683,24-llamascope-res-32k:28483 | 13-llamascope-res-32k:9449 | 25-llamascope-res-32k:3055 | 31-llamascope-res-32k:12799 | 21-llamascope-res-32k:22182
18-llamascope-res-32k:22429,22429,18-llamascope-res-32k,llama3.1-8b,sentiment, expressions of sentiment or emotional states,-0.12238380312919617,0.9411359429359436,0.3150957226753235,24-llamascope-res-32k:28483 | 31-llamascope-res-32k:12799 | 18-llamascope-res-32k:4631 | 19-llamascope-res-32k:17599 | 4-llamascope-res-32k:14252
5-llamascope-res-32k:1800,1800,5-llamascope-res-32k,llama3.1-8b,sentiment, expressions of sentiment and emotional responses,-0.40372100472450256,0.8441036343574524,0.3528432846069336,5-llamascope-res-32k:20343 | 19-llamascope-res-32k:17599 | 18-llamascope-res-32k:4631 | 1-llamascope-res-32k:23915 | 2-llamascope-res-32k:30286
1-llamascope-res-32k:23915,23915,1-llamascope-res-32k,llama3.1-8b,sentiment, emotional expressions and sentiments,-0.3687668442726135,0.8702678084373474,0.32656532526016235,19-llamascope-res-32k:17599 | 27-llamascope-res-32k:31190 | 3-llamascope-res-32k:31540 | 9-llamascope-res-32k:30288 | 5-llamascope-res-32k:20343
9-llamascope-res-32k:30288,30288,9-llamascope-res-32k,llama3.1-8b,sentiment, emotional expressions and sentiments,-0.32899010181427,0.8722251057624817,0.36192405223846436,9-llamascope-res-32k:5090 | 9-llamascope-res-32k:16498 | 1-llamascope-res-32k:23915 | 3-llamascope-res-32k:31540 | 13-llamascope-res-32k:9449
19-llamascope-res-32k:17599,17599,19-llamascope-res-32k,llama3.1-8b,sentiment, emotional expressions and sentiments,-0.37454450130462646,0.8711154460906982,0.3176070749759674,1-llamascope-res-32k:23915 | 27-llamascope-res-32k:31190 | 11-llamascope-res-32k:8733 | 9-llamascope-res-32k:30288 | 26-llamascope-res-32k:13363
3-llamascope-res-32k:31540,31540,3-llamascope-res-32k,llama3.1-8b,sentiment, emotional expressions and sentiments,-0.3907179534435272,0.8533050417900085,0.34526804089546204,1-llamascope-res-32k:23915 | 5-llamascope-res-32k:20343 | 9-llamascope-res-32k:30288 | 27-llamascope-res-32k:31190 | 19-llamascope-res-32k:17599
9-llamascope-res-32k:26548,26548,9-llamascope-res-32k,llama3.1-8b,sentiment,positive sentiments and expressions of approval,-0.21719186007976532,0.917457103729248,0.33331671357154846,9-llamascope-res-32k:30288 | 9-llamascope-res-32k:5090 | 9-llamascope-res-32k:16498 | 4-llamascope-res-32k:14207 | 18-llamascope-res-32k:18988
21-llamascope-res-32k:22182,22182,21-llamascope-res-32k,llama3.1-8b,sentiment, expressions of subjective sentiment or emotional responses,-0.11367595195770264,0.9244719743728638,0.3639085292816162,23-llamascope-res-32k:10370 | 7-llamascope-res-32k:21634 | 24-llamascope-res-32k:28483 | 31-llamascope-res-32k:12799 | 21-llamascope-res-32k:29846
31-llamascope-res-32k:1174,1174,31-llamascope-res-32k,llama3.1-8b,sentiment,descriptive emotional states or sentiments,-0.11588187515735626,0.9517187476158142,0.2842584252357483,31-llamascope-res-32k:12799 | 24-llamascope-res-32k:28483 | 18-llamascope-res-32k:22429 | 18-llamascope-res-32k:1107 | 31-llamascope-res-32k:19134
12-llamascope-res-32k:25947,25947,12-llamascope-res-32k,llama3.1-8b,sentiment, emotional sentiments and expressions of satisfaction or dissatisfaction,-0.16366919875144958,0.9386023283004761,0.3037072718143463,31-llamascope-res-32k:12799 | 24-llamascope-res-32k:28483 | 19-llamascope-res-32k:17599 | 1-llamascope-res-32k:23915 | 13-llamascope-res-32k:9449
16-llamascope-res-32k:4839,4839,16-llamascope-res-32k,llama3.1-8b,sentiment,"expressions of emotion or sentiment regarding objects, people, or situations",-0.13082070648670197,0.9475505948066711,0.29160550236701965,31-llamascope-res-32k:12799 | 24-llamascope-res-32k:28483 | 18-llamascope-res-32k:22429 | 9-llamascope-res-32k:16498 | 13-llamascope-res-32k:9449
18-llamascope-res-32k:1107,1107,18-llamascope-res-32k,llama3.1-8b,sentiment, sentiments and emotional states expressed in the text,-0.2976386845111847,0.91228187084198,0.28134140372276306,7-llamascope-res-32k:31060 | 18-llamascope-res-32k:22429 | 11-llamascope-res-32k:8733 | 19-llamascope-res-32k:17599 | 29-llamascope-res-32k:10690
25-llamascope-res-32k:3055,3055,25-llamascope-res-32k,llama3.1-8b,sentiment,expressions of personal sentiment and emotion,-0.37054815888404846,0.8741085529327393,0.31405124068260193,15-llamascope-res-32k:26865 | 23-llamascope-res-32k:10370 | 26-llamascope-res-32k:13363 | 27-llamascope-res-32k:31190 | 1-llamascope-res-32k:23915
9-llamascope-res-32k:16498,16498,9-llamascope-res-32k,llama3.1-8b,sentiment, expressions of sentiment or emotional reactions,-0.08826149255037308,0.948697030544281,0.303617924451828,13-llamascope-res-32k:9449 | 9-llamascope-res-32k:30288 | 24-llamascope-res-32k:28483 | 9-llamascope-res-32k:5090 | 31-llamascope-res-32k:12799
16-llamascope-res-32k:29185,29185,16-llamascope-res-32k,llama3.1-8b,sentiment, instances of strong sentiment or emotions,-0.1412540078163147,0.9305514097213745,0.3378184139728546,9-llamascope-res-32k:16498 | 31-llamascope-res-32k:12799 | 24-llamascope-res-32k:28483 | 18-llamascope-res-32k:22429 | 13-llamascope-res-32k:9449
11-llamascope-res-32k:8733,8733,11-llamascope-res-32k,llama3.1-8b,sentiment,emotional expressions and sentiments,-0.35212400555610657,0.8809933066368103,0.3160055875778198,1-llamascope-res-32k:23915 | 27-llamascope-res-32k:31190 | 19-llamascope-res-32k:17599 | 18-llamascope-res-32k:4631 | 13-llamascope-res-32k:20703
5-llamascope-res-32k:20343,20343,5-llamascope-res-32k,llama3.1-8b,sentiment,emotional expressions and sentiments,-0.39640742540359497,0.8504665493965149,0.34578579664230347,1-llamascope-res-32k:23915 | 3-llamascope-res-32k:31540 | 5-llamascope-res-32k:1800 | 19-llamascope-res-32k:17599 | 2-llamascope-res-32k:30286
29-llamascope-res-32k:14238,14238,29-llamascope-res-32k,llama3.1-8b,sentiment, collective sentiment about events and trends,-0.24308991432189941,0.9112022519111633,0.33259254693984985,21-llamascope-res-32k:29846 | 29-llamascope-res-32k:10690 | 22-llamascope-res-32k:5689 | 29-llamascope-res-32k:26305 | 1-llamascope-res-32k:23915
18-llamascope-res-32k:4631,4631,18-llamascope-res-32k,llama3.1-8b,sentiment,expressions of emotional responses and sentiments,-0.3789236843585968,0.8691260814666748,0.3178625702857971,11-llamascope-res-32k:8733 | 26-llamascope-res-32k:13363 | 1-llamascope-res-32k:23915 | 18-llamascope-res-32k:22429 | 19-llamascope-res-32k:17599
17-llamascope-res-32k:1731,1731,17-llamascope-res-32k,llama3.1-8b,sentiment, negative sentiments or emotions,-0.15337564051151276,0.9286084175109863,0.3378789722919464,31-llamascope-res-32k:12799 | 24-llamascope-res-32k:28483 | 19-llamascope-res-32k:17599 | 18-llamascope-res-32k:22429 | 16-llamascope-res-32k:29185
7-llamascope-res-32k:31060,31060,7-llamascope-res-32k,llama3.1-8b,sentiment,emotional expressions and sentiments in the text,-0.34915077686309814,0.8889498114585876,0.2964152991771698,2-llamascope-res-32k:7638 | 18-llamascope-res-32k:1107 | 27-llamascope-res-32k:31190 | 7-llamascope-res-32k:21634 | 1-llamascope-res-32k:23915
15-llamascope-res-32k:26865,26865,15-llamascope-res-32k,llama3.1-8b,sentiment,personal opinions and expressions of emotional sentiment,-0.3361130356788635,0.8905888199806213,0.3063974380493164,25-llamascope-res-32k:3055 | 19-llamascope-res-32k:17599 | 1-llamascope-res-32k:23915 | 31-llamascope-res-32k:19458 | 23-llamascope-res-32k:10370
2-llamascope-res-32k:7638,7638,2-llamascope-res-32k,llama3.1-8b,sentiment,emotional or sentimental expressions in the text,-0.09146009385585785,0.9552291631698608,0.2813756763935089,7-llamascope-res-32k:31060 | 24-llamascope-res-32k:28483 | 4-llamascope-res-32k:14252 | 24-llamascope-res-32k:5970 | 31-llamascope-res-32k:12799
